,Start,End
0,2018-02-20 20:00:03.214813,2018-02-20 20:00:03.853265
1,2018-02-20 20:00:08.558383,2018-02-20 20:00:14.797802
2,2018-02-20 20:00:15.166055,2018-02-20 20:00:16.765189
3,2018-02-20 20:00:17.230516,2018-02-20 20:00:18.174185
4,2018-02-20 20:00:19.773316,2018-02-20 20:00:21.534561
5,2018-02-20 20:00:22.766514,2018-02-20 20:00:24.380856
6,2018-02-20 20:00:26.175118,2018-02-20 20:00:28.813984
7,2018-02-20 20:00:28.910052,2018-02-20 20:00:29.517487
8,2018-02-20 20:00:33.280142,2018-02-20 20:00:38.655374
